Palavra;Frequência
veja;7
milhoes;6
rio;5
regras;5
dia;4
uol;4
governo;3
novo;3
mulher;3
naturismo;3
pede;3
oscar;3
premio;3
praia;3
sp;3
ambiel;3
propina;2
preco;2
rigidas;2
muda;2
ar;2
volte;2
mega;2
fica;2
brasileiros;2
queda;2
policiamento;2
champions;2
azul;2
formato;2
visitada;2
luiza;2
pagar;2
2026;2
vale;2
barato;2
jogar;2
enfrentar;2
lista;2
eua;2
tendencia;2
pedro;2
100;2
ficar;2
11;2
exames;2
000;2
20;2
netflix;2
mil;2
problemas;2
homem;2
lopes;2
fazenda;2
denuncia;2
comida;2
acumula;2
time;2
refeicao;2
dezenas;2
paulistao;2
policia;2
cop30;2
ajuda;2
paulo;2
erro;2
aviao;2
tres;2
interesse;2
sobe;2
sena;2
clube;2
futebol;2
mendonca;2
carros;2
crise;1
menores;1
golpes;1
record;1
bbc;1
lavieri;1
passa;1
trabalhava;1
nunes;1
c6;1
sera;1
plant;1
tecnica;1
vista;1
emendas;1
prancha;1
desfile;1
participado;1
irma;1
encantou;1
br;1
vulneravel;1
barcos;1
policial;1
diamante;1
personagem;1
toffoli;1
caribe;1
estivesse;1
categoria;1
expulsao;1
postura;1
equiparar;1
the;1
series;1
acoes;1
baleado;1
carlos;1
fenomeno;1
admite;1
brasil;1
parte;1
jura;1
lula;1
fianca;1
viviane;1
doacoes;1
gov;1
red;1
wandinha;1
piastri;1
mudou;1
terrorismo;1
traiu;1
cinderela;1
legal;1
maioria;1
pai;1
pendurado;1
vivo;1
turco;1
campea;1
vitima;1
golpe;1
especial;1
restauro;1
duas;1
chefao;1
campbell;1
es;1
projeto;1
vilao;1
opcoes;1
toyota;1
chile;1
acusado;1
cid;1
santos;1
foi;1
virtual;1
encontra;1
britanico;1
brinquedos;1
senado;1
abusado;1
missa;1
amazonia;1
signo;1
everaldo;1
voador;1
fresca;1
pequena;1
apostas;1
vistas;1
trama;1
nega;1
desiste;1
hercules;1
vaga;1
juri;1
china;1
partir;1
tanque;1
floresta;1
equipe;1
tirado;1
neymar;1
atlas;1
gracas;1
sorteadas;1
regiao;1
motel;1
870;1
tablet;1
proximo;1
2025;1
maringa;1
despertar;1
roque;1
passos;1
agredida;1
alerta;1
corda;1
belo;1
estupro;1
sobrinho;1
filmes;1
bull;1
colega;1
selecao;1
governador;1
alvos;1
irregular;1
air;1
robert;1
mae;1
dividas;1
sido;1
top;1
revela;1
toy;1
recua;1
balao;1
completa;1
roraima;1
fugir;1
solta;1
ineditas;1
noite;1
fui;1
informacoes;1
gritos;1
negra;1
ordena;1
golpista;1
acusacao;1
imagens;1
atropelar;1
cpi;1
levava;1
pix;1
ancelotti;1
mp;1
problema;1
barrado;1
francesa;1
inquerito;1
aprova;1
boa;1
trabalho;1
belos;1
milhao;1
verao;1
bilionarios;1
lucero;1
noivo;1
deixar;1
salvador;1
abdomen;1
fazer;1
verstappen;1
empreendedor;1
quer;1
cross;1
ibirapuera;1
pelados;1
absolvido;1
empresario;1
condenado;1
audiencia;1
super;1
martin;1
teaser;1
perto;1
pr;1
fraude;1
confira;1
reinaldo;1
aumento;1
grandes;1
adolescencia;1
dancarino;1
receber;1
shia;1
favoritos;1
clandestino;1
cassacao;1
10;1
14;1
stf;1
caiu;1
mclaren;1
setimo;1
parque;1
vitrine;1
conheca;1
estaria;1
processos;1
pessoas;1
melhor;1
marques;1
rj;1
abre;1
gratis;1
pretos;1
motos;1
25;1
ferramentas;1
assistencia;1
130;1
sc;1
pop;1
caixa;1
suv;1
capacete;1
camara;1
pena;1
popular;1
arvore;1
kids;1
roubo;1
preso;1
33;1
mensagens;1
presa;1
bower;1
story;1
manifestantes;1
bolsonaro;1
sufoco;1
eletrico;1
imaginava;1
predio;1
jamaica;1
3i;1
things;1
up;1
acontece;1
us;1
influenciador;1
supera;1
quatro;1
roberto;1
tortas;1
demonstram;1
proximos;1
liberou;1
derrite;1
trouxe;1
michelle;1
falar;1
170;1
casado;1
jockey;1
assassinar;1
guerreiras;1
vota;1
corinthians;1
feminicidio;1
amiga;1
cortada;1
76;1
tenham;1
leiloados;1
assista;1
vecna;1
grande;1
defesas;1
cassino;1
registra;1
stranger;1
anos;1
xx;1
casa;1
estarao;1
infraestrutura;1
vender;1
filha;1
venezuela;1
vaquinha;1
interestelar;1
despedida;1
caso;1
eliminados;1
90;1
filho;1
amor;1
suspeita;1
matt;1
suspeito;1
mercedes;1
vezes;1
youssef;1
detran;1
pano;1
doceria;1
proprio;1
fryer;1
rivais;1
martina;1
tanto;1
recem;1
entenda;1
cometa;1
reuniao;1
fest;1
masterchef;1
leao;1
vendido;1
fala;1
reabrir;1
condicionado;1
atinge;1
stjd;1
roca;1
tentativa;1
site;1
vitor;1
massiva;1
transforma;1
usam;1
nulidade;1
negam;1
cobra;1
evita;1
ibge;1
leilao;1
caloi;1
taxar;1
berninger;1
indicados;1
zona;1
georgia;1
ameaca;1
papa;1
pedido;1
trabalhistas;1
mobilizacao;1
turbina;1
timing;1
aporte;1
cabral;1
raoni;1
jamie;1
invadem;1
revelar;1
atacante;1
revelam;1
empresa;1
matar;1
gera;1
sofreram;1
fortaleza;1
faccoes;1
yaris;1
canadense;1
morreu;1
ofertas;1
line;1
projetos;1
bowl;1
corte;1
araujo;1
celular;1
ataques;1
morrem;1
contra;1
matarem;1
corrupcao;1
poder;1
estender;1
criticam;1
julgado;1
acao;1
citada;1
criticas;1
